orden;archivo;identificacion;distribucion
1;DSC02820.jpg;Grupo entre enormes paredes rocosas;Apertura amplia
2;DSC02395.jpg;Grupo distante en sendero abierto;Par horizontal con DSC02427
3;DSC02427.jpg;Caminante de espaldas frente al paisaje;Par horizontal con DSC02395
4;DSC02568.jpg;Musgo y vegetación sobre la roca;Par vertical con DSC02569
5;DSC02569.jpg;Caminantes dentro del paso estrecho;Par vertical con DSC02568
6;DSC02780.jpg;Formaciones rocosas y pastizal verde;Horizontal centrada
7;DSC02824.jpg;Corredor verde entre rocas;Par vertical con DSC02882
8;DSC02882.jpg;Grupo siguiendo el sendero entre paredes;Par vertical con DSC02824
9;DSC02887.jpg;Dos personas contemplando el paisaje;Horizontal amplia
10;DSC02966.jpg;"Grupo frente al horizonte; una persona señala";Vertical junto al relato del regreso
11;DSC02984.jpg;Paisaje abierto con luz de atardecer;Primera horizontal del cierre
12;DSC02988.jpg;Pastizales dorados frente a las montañas;Última fotografía
